Edition,Link
Ixalan,https://magiccards.info/xln/en.html
Hour of Devastation,https://magiccards.info/hou/en.html
Amonkhet,https://magiccards.info/akh/en.html
Aether Revolt,https://magiccards.info/aer/en.html
Kaladesh,https://magiccards.info/kld/en.html
Eldritch Moon,https://magiccards.info/emn/en.html
Shadows over Innistrad,https://magiccards.info/soi/en.html
Oath of the Gatewatch,https://magiccards.info/ogw/en.html
Battle for Zendikar,https://magiccards.info/bfz/en.html
Dragons of Tarkir,https://magiccards.info/dtk/en.html
Fate Reforged,https://magiccards.info/frf/en.html
Khans of Tarkir,https://magiccards.info/ktk/en.html
Journey into Nyx,https://magiccards.info/jou/en.html
Born of the Gods,https://magiccards.info/bng/en.html
Theros,https://magiccards.info/ths/en.html
Dragon's Maze,https://magiccards.info/dgm/en.html
Gatecrash,https://magiccards.info/gtc/en.html
Return to Ravnica,https://magiccards.info/rtr/en.html
Avacyn Restored,https://magiccards.info/avr/en.html
Dark Ascension,https://magiccards.info/dka/en.html
Innistrad,https://magiccards.info/isd/en.html
New Phyrexia,https://magiccards.info/nph/en.html
Mirrodin Besieged,https://magiccards.info/mbs/en.html
Scars of Mirrodin,https://magiccards.info/som/en.html
Rise of the Eldrazi,https://magiccards.info/roe/en.html
Worldwake,https://magiccards.info/wwk/en.html
Zendikar,https://magiccards.info/zen/en.html
Alara Reborn,https://magiccards.info/arb/en.html
Conflux,https://magiccards.info/cfx/en.html
Shards of Alara,https://magiccards.info/ala/en.html
Eventide,https://magiccards.info/eve/en.html
Shadowmoor,https://magiccards.info/shm/en.html
Morningtide,https://magiccards.info/mt/en.html
Lorwyn,https://magiccards.info/lw/en.html
Future Sight,https://magiccards.info/fut/en.html
Planar Chaos,https://magiccards.info/pc/en.html
Time Spiral,https://magiccards.info/ts/en.html
"Time Spiral ""Timeshifted""",https://magiccards.info/tsts/en.html
Coldsnap,https://magiccards.info/cs/en.html
Alliances,https://magiccards.info/ai/en.html
Ice Age,https://magiccards.info/ia/en.html
Dissension,https://magiccards.info/di/en.html
Guildpact,https://magiccards.info/gp/en.html
Ravnica: City of Guilds,https://magiccards.info/rav/en.html
Saviors of Kamigawa,https://magiccards.info/sok/en.html
Betrayers of Kamigawa,https://magiccards.info/bok/en.html
Champions of Kamigawa,https://magiccards.info/chk/en.html
Fifth Dawn,https://magiccards.info/5dn/en.html
Darksteel,https://magiccards.info/ds/en.html
Mirrodin,https://magiccards.info/mi/en.html
Scourge,https://magiccards.info/sc/en.html
Legions,https://magiccards.info/le/en.html
Onslaught,https://magiccards.info/on/en.html
Judgment,https://magiccards.info/ju/en.html
Torment,https://magiccards.info/tr/en.html
Odyssey,https://magiccards.info/od/en.html
Apocalypse,https://magiccards.info/ap/en.html
Planeshift,https://magiccards.info/ps/en.html
Invasion,https://magiccards.info/in/en.html
Prophecy,https://magiccards.info/pr/en.html
Nemesis,https://magiccards.info/ne/en.html
Mercadian Masques,https://magiccards.info/mm/en.html
Urza's Destiny,https://magiccards.info/ud/en.html
Urza's Legacy,https://magiccards.info/ul/en.html
Urza's Saga,https://magiccards.info/us/en.html
Exodus,https://magiccards.info/ex/en.html
Stronghold,https://magiccards.info/sh/en.html
Tempest,https://magiccards.info/tp/en.html
Weatherlight,https://magiccards.info/wl/en.html
Visions,https://magiccards.info/vi/en.html
Mirage,https://magiccards.info/mr/en.html
Homelands,https://magiccards.info/hl/en.html
Fallen Empires,https://magiccards.info/fe/en.html
The Dark,https://magiccards.info/dk/en.html
Legends,https://magiccards.info/lg/en.html
Antiquities,https://magiccards.info/aq/en.html
Arabian Nights,https://magiccards.info/an/en.html
Magic Origins,https://magiccards.info/ori/en.html
Magic 2015,https://magiccards.info/m15/en.html
Magic 2014 Core Set,https://magiccards.info/m14/en.html
Magic 2013,https://magiccards.info/m13/en.html
Magic 2012,https://magiccards.info/m12/en.html
Magic 2011,https://magiccards.info/m11/en.html
Magic 2010,https://magiccards.info/m10/en.html
Tenth Edition,https://magiccards.info/10e/en.html
Ninth Edition,https://magiccards.info/9e/en.html
Eighth Edition,https://magiccards.info/8e/en.html
Seventh Edition,https://magiccards.info/7e/en.html
Classic Sixth Edition,https://magiccards.info/6e/en.html
Fifth Edition,https://magiccards.info/5e/en.html
Fourth Edition,https://magiccards.info/4e/en.html
"Revised Edition (Summer Magic ""Edgar"")",https://magiccards.info/summer/en.html
Revised Edition,https://magiccards.info/rv/en.html
Unlimited Edition,https://magiccards.info/un/en.html
Limited Edition Beta,https://magiccards.info/be/en.html
Limited Edition Alpha,https://magiccards.info/al/en.html
Vintage Masters,https://magiccards.info/vma/en.html
MTGO Masters Edition IV,https://magiccards.info/me4/en.html
MTGO Masters Edition III,https://magiccards.info/me3/en.html
MTGO Masters Edition II,https://magiccards.info/me2/en.html
MTGO Masters Edition,https://magiccards.info/med/en.html
Amonkhet Invocations,https://magiccards.info/mpsakh/en.html
Kaladesh Inventions,https://magiccards.info/mpskld/en.html
Zendikar Expeditions,https://magiccards.info/exp/en.html
Conspiracy: Take the Crown,https://magiccards.info/cn2/en.html
Conspiracy,https://magiccards.info/cns/en.html
Premium Deck Series: Graveborn,https://magiccards.info/pd3/en.html
Premium Deck Series: Fire and Lightning,https://magiccards.info/pd2/en.html
Premium Deck Series: Slivers,https://magiccards.info/pds/en.html
Modern Masters 2017 Edition,https://magiccards.info/mm3/en.html
Eternal Masters,https://magiccards.info/ema/en.html
Modern Masters 2015 Edition,https://magiccards.info/mm2/en.html
Tempest Remastered,https://magiccards.info/tpr/en.html
Modern Event Deck,https://magiccards.info/md1/en.html
Modern Masters,https://magiccards.info/mma/en.html
Duels of the Planeswalkers,https://magiccards.info/dpa/en.html
Chronicles,https://magiccards.info/ch/en.html
Commander 2017,https://magiccards.info/c17/en.html
Archenemy: Nicol Bolas,https://magiccards.info/e01/en.html
Commander Anthology,https://magiccards.info/cma/en.html
Commander 2016,https://magiccards.info/c16/en.html
Planechase Anthology,https://magiccards.info/pca/en.html
Commander 2015,https://magiccards.info/c15/en.html
Commander 2014 Edition,https://magiccards.info/c14/en.html
Commander 2013 Edition,https://magiccards.info/c13/en.html
Commander's Arsenal,https://magiccards.info/cma/en.html
Planechase 2012 Edition,https://magiccards.info/pc2/en.html
Commander,https://magiccards.info/cmd/en.html
Archenemy,https://magiccards.info/arc/en.html
Planechase,https://magiccards.info/pch/en.html
From the Vault: Lore,https://magiccards.info/v16/en.html
From the Vault: Angels,https://magiccards.info/v15/en.html
From the Vault: Annihilation,https://magiccards.info/v14/en.html
From the Vault: Twenty,https://magiccards.info/v13/en.html
From the Vault: Realms,https://magiccards.info/v12/en.html
From the Vault: Legends,https://magiccards.info/fvl/en.html
From the Vault: Relics,https://magiccards.info/fvr/en.html
From the Vault: Exiled,https://magiccards.info/fve/en.html
From the Vault: Dragons,https://magiccards.info/fvd/en.html
Duel Decks: Mind vs. Might,https://magiccards.info/dds/en.html
Duel Decks: Nissa vs. Ob Nixilis,https://magiccards.info/ddr/en.html
Duel Decks: Blessed vs. Cursed,https://magiccards.info/ddq/en.html
Duel Decks: Zendikar vs. Eldrazi,https://magiccards.info/ddp/en.html
Duel Decks Anthology: Divine vs. Demonic,https://magiccards.info/ddadvd/en.html
Duel Decks Anthology: Elves vs. Goblins,https://magiccards.info/ddaevg/en.html
Duel Decks Anthology: Garruk vs. Liliana,https://magiccards.info/ddagvl/en.html
Duel Decks Anthology: Jace vs. Chandra,https://magiccards.info/ddajvc/en.html
Duel Decks: Kiora vs. Elspeth,https://magiccards.info/ddo/en.html
Duel Decks: Speed vs. Cunning,https://magiccards.info/ddn/en.html
Duel Decks: Jace vs. Vraska,https://magiccards.info/ddm/en.html
Duel Decks: Heroes vs. Monsters,https://magiccards.info/ddl/en.html
Duel Decks: Sorin vs. Tibalt,https://magiccards.info/ddk/en.html
Duel Decks: Izzet vs. Golgari,https://magiccards.info/ddj/en.html
Duel Decks: Venser vs. Koth,https://magiccards.info/ddi/en.html
Duel Decks: Ajani vs. Nicol Bolas,https://magiccards.info/ddh/en.html
Duel Decks: Knights vs. Dragons,https://magiccards.info/ddg/en.html
Duel Decks: Elspeth vs. Tezzeret,https://magiccards.info/ddf/en.html
Duel Decks: Phyrexia vs. The Coalition,https://magiccards.info/pvc/en.html
Duel Decks: Garruk vs. Liliana,https://magiccards.info/gvl/en.html
Duel Decks: Divine vs. Demonic,https://magiccards.info/dvd/en.html
Duel Decks: Jace vs. Chandra,https://magiccards.info/jvc/en.html
Duel Decks: Elves vs. Goblins,https://magiccards.info/evg/en.html
Coldsnap Theme Decks,https://magiccards.info/cstd/en.html
Ninth Edition Box Set,https://magiccards.info/9eb/en.html
Eighth Edition Box Set,https://magiccards.info/8eb/en.html
Deckmasters,https://magiccards.info/dm/en.html
Beatdown Box Set,https://magiccards.info/bd/en.html
Battle Royale Box Set,https://magiccards.info/br/en.html
Anthologies,https://magiccards.info/at/en.html
Multiverse Gift Box Cards,https://magiccards.info/mgbc/en.html
Unhinged,https://magiccards.info/uh/en.html
Unglued,https://magiccards.info/ug/en.html
Unhinged Alternate Foils,https://magiccards.info/uhaa/en.html
Welcome Deck 2017,https://magiccards.info/w17/en.html
Welcome Deck 2016,https://magiccards.info/w16/en.html
Starter 2000,https://magiccards.info/st2k/en.html
Starter 1999,https://magiccards.info/st/en.html
Portal Three Kingdoms,https://magiccards.info/p3k/en.html
Portal Second Age,https://magiccards.info/po2/en.html
Portal,https://magiccards.info/po/en.html
Introductory Two-Player Set,https://magiccards.info/itp/en.html
Collector's Edition,https://magiccards.info/ced/en.html
International Collectors' Edition,https://magiccards.info/cedi/en.html
Ugin's Fate,https://magiccards.info/ugin/en.html
15th Anniversary,https://magiccards.info/15ann/en.html
Grand Prix,https://magiccards.info/gpx/en.html
Pro Tour,https://magiccards.info/pro/en.html
Magic Game Day Cards,https://magiccards.info/mgdc/en.html
Worlds,https://magiccards.info/wrl/en.html
World Magic Cup Qualifiers,https://magiccards.info/wmcq/en.html
Dragon Con,https://magiccards.info/drc/en.html
Prerelease Events,https://magiccards.info/ptc/en.html
Release Events,https://magiccards.info/rep/en.html
Magic: The Gathering Launch Parties,https://magiccards.info/mlp/en.html
Summer of Magic,https://magiccards.info/sum/en.html
WPN/Gateway,https://magiccards.info/grc/en.html
Champs,https://magiccards.info/cp/en.html
Two-Headed Giant Tournament,https://magiccards.info/thgt/en.html
Arena League,https://magiccards.info/arena/en.html
Friday Night Magic,https://magiccards.info/fnmp/en.html
Magic Player Rewards,https://magiccards.info/mprp/en.html
Super Series,https://magiccards.info/sus/en.html
Happy Holidays,https://magiccards.info/hho/en.html
Judge Gift Program,https://magiccards.info/jr/en.html
Portal Demogame,https://magiccards.info/pot/en.html
European Land Program,https://magiccards.info/euro/en.html
Guru,https://magiccards.info/guru/en.html
Asia Pacific Land Program,https://magiccards.info/apac/en.html
WotC Online Store,https://magiccards.info/wotc/en.html
Celebration Cards,https://magiccards.info/uqc/en.html
Clash Pack,https://magiccards.info/clash/en.html
Media Inserts,https://magiccards.info/mbp/en.html
Legend Membership,https://magiccards.info/dcilm/en.html
